log_file,description,task_id
pipeline_20260518_040456.log,dhaka_urban_heat_grid_2024_pre_monsoon_1000m,AM56XFRT6ZBNJKSVNCHYGJ2Z
pipeline_20260518_040456.log,dhaka_urban_heat_validation_2024_pre_monsoon_1000m,OQJTJZRGXUTW5FN4U64MH7TY
pipeline_20260518_040456.log,dhaka_urban_heat_grid_2024_2024_pre_monsoon_1000m,EJ654SW6P4XPSCX3W7S4JVK7
pipeline_20260518_040456.log,dhaka_urban_heat_validation_2024_2024_pre_monsoon_1000m,P6TNQS6KLGDBZELU73H5KLMQ
pipeline_20260518_040522.log,dhaka_urban_heat_grid_2017_pre_monsoon_1000m,VS5QTGVCNP22EEYCMJFD5JU4
pipeline_20260518_040522.log,dhaka_urban_heat_validation_2017_pre_monsoon_1000m,KRSNXWOGHBJYZNTBP5ICRLYQ
pipeline_20260518_040522.log,dhaka_urban_heat_grid_2018_pre_monsoon_1000m,GT6JWO7IJQ6EYSFBTL7LOTEF
pipeline_20260518_040522.log,dhaka_urban_heat_validation_2018_pre_monsoon_1000m,Y6H355Y2TAUCZW2IHJE7HBGN
pipeline_20260518_040522.log,dhaka_urban_heat_grid_2019_pre_monsoon_1000m,O2BRAL5F7F52EGCEQ3WEZEUS
pipeline_20260518_040522.log,dhaka_urban_heat_validation_2019_pre_monsoon_1000m,FRYQOFX455VVUFWBEGYMOG6U
pipeline_20260518_040522.log,dhaka_urban_heat_grid_2020_pre_monsoon_1000m,KIPG7WM7CBH4EGJTCZL4A3IR
pipeline_20260518_040522.log,dhaka_urban_heat_validation_2020_pre_monsoon_1000m,GIAOSKIQ5IVKQJICL56A4PEH
pipeline_20260518_040522.log,dhaka_urban_heat_grid_2021_pre_monsoon_1000m,ZMTENSQ7VDIHKBS3KUXNIKWI
pipeline_20260518_040522.log,dhaka_urban_heat_validation_2021_pre_monsoon_1000m,CWLNHYIEEUP72SDK2KQE5N55
pipeline_20260518_040522.log,dhaka_urban_heat_grid_2022_pre_monsoon_1000m,2TWDDIP5SFXIBF2GBI2ATCRW
pipeline_20260518_040522.log,dhaka_urban_heat_validation_2022_pre_monsoon_1000m,6ZBPFKYNY3FCJTSFX4TFBX4U
pipeline_20260518_040522.log,dhaka_urban_heat_grid_2023_pre_monsoon_1000m,IEXRYCIYPON2B7VH6YX2WL44
pipeline_20260518_040522.log,dhaka_urban_heat_validation_2023_pre_monsoon_1000m,HYLTG26FQV77UJVUPDG7VDRX
pipeline_20260518_040522.log,dhaka_urban_heat_grid_2024_pre_monsoon_1000m,M7MILAPGFEZNK45SQ2UVZHDF
pipeline_20260518_040522.log,dhaka_urban_heat_validation_2024_pre_monsoon_1000m,TPLXORXK6UJZBXZS2FM5BYRN
pipeline_20260518_040522.log,dhaka_urban_heat_grid_2017_2024_pre_monsoon_1000m,LRHQE64FITDJTBTM2MGQRGMN
pipeline_20260518_040522.log,dhaka_urban_heat_validation_2017_2024_pre_monsoon_1000m,EZ42SFLMF6RK2DKC7UXCGNUZ
pipeline_20260518_040612.log,dhaka_urban_heat_grid_2017_monsoon_1000m,F4J6SMXV2F4NDJVLL4ZT4RXN
pipeline_20260518_040612.log,dhaka_urban_heat_validation_2017_monsoon_1000m,GPCFCXIDWFXFQ3SZD7QSVXNY
pipeline_20260518_040612.log,dhaka_urban_heat_grid_2018_monsoon_1000m,V2CRJMHYPUWVW2MMTKKEPHRF
pipeline_20260518_040612.log,dhaka_urban_heat_validation_2018_monsoon_1000m,JMCWMVM37K6WS64TKIXJVPOS
pipeline_20260518_040612.log,dhaka_urban_heat_grid_2019_monsoon_1000m,BY7VG2QBZG6D6VQXIYUJNYIX
pipeline_20260518_040612.log,dhaka_urban_heat_validation_2019_monsoon_1000m,254PXVHEASS7SGTURM6CLCZJ
pipeline_20260518_040612.log,dhaka_urban_heat_grid_2020_monsoon_1000m,XWYGG6FQOMJPLEXCYSRMIZHE
pipeline_20260518_040612.log,dhaka_urban_heat_validation_2020_monsoon_1000m,6P3PPTBP6CDSLDRYGDSNED6P
pipeline_20260518_040612.log,dhaka_urban_heat_grid_2021_monsoon_1000m,7UPZUVK3WSWEWCJNRRL5QAMB
pipeline_20260518_040612.log,dhaka_urban_heat_validation_2021_monsoon_1000m,TEHAVVT3QEQIAW7Z2MIE7FXM
pipeline_20260518_040612.log,dhaka_urban_heat_grid_2022_monsoon_1000m,RFUEZ3JRLZ7ZFZ45TZQKHWPD
pipeline_20260518_040612.log,dhaka_urban_heat_validation_2022_monsoon_1000m,N45CFTUK5JP57RBGLTNG7Q4Q
pipeline_20260518_040612.log,dhaka_urban_heat_grid_2023_monsoon_1000m,OGWXDRNKRWMNWIEM6V3PHRPW
pipeline_20260518_040612.log,dhaka_urban_heat_validation_2023_monsoon_1000m,7QLDMZKAUYEJMB72T5HUGDUJ
pipeline_20260518_040612.log,dhaka_urban_heat_grid_2024_monsoon_1000m,AZVHY6A7TF5X7OXOOM2WK3KD
pipeline_20260518_040612.log,dhaka_urban_heat_validation_2024_monsoon_1000m,Y3LSW33UWKN32Z27IUAZ6DHX
pipeline_20260518_040612.log,dhaka_urban_heat_grid_2017_2024_monsoon_1000m,RDJHPT5YZO4YCGGUSH535LOK
pipeline_20260518_040612.log,dhaka_urban_heat_validation_2017_2024_monsoon_1000m,Q6F3NIHZIWRXRPMH5GGCMCJW
pipeline_20260518_040705.log,dhaka_urban_heat_grid_2017_post_monsoon_1000m,R6K4I7WOOF3UYEKSLBA5WY5I
pipeline_20260518_040705.log,dhaka_urban_heat_validation_2017_post_monsoon_1000m,FCDED53SOA7RZG5CH7PS75K2
pipeline_20260518_040705.log,dhaka_urban_heat_grid_2018_post_monsoon_1000m,AL5ONLYGBDK7ETNBXJ76AFWW
pipeline_20260518_040705.log,dhaka_urban_heat_validation_2018_post_monsoon_1000m,FOXKDO4KTLNVZKY6RZ3X4XAA
pipeline_20260518_040705.log,dhaka_urban_heat_grid_2019_post_monsoon_1000m,PSV4NTPSP72N7TEWJXZZCFZB
pipeline_20260518_040705.log,dhaka_urban_heat_validation_2019_post_monsoon_1000m,RVZT66DUQMYTC65STAD6V36N
pipeline_20260518_040705.log,dhaka_urban_heat_grid_2020_post_monsoon_1000m,GD6BEEFIP43MNVPBMZMZIM4Y
pipeline_20260518_040705.log,dhaka_urban_heat_validation_2020_post_monsoon_1000m,7HWC27H4YVZSW4IN2WLP2INE
pipeline_20260518_040705.log,dhaka_urban_heat_grid_2021_post_monsoon_1000m,6L5FV2LKU4AKZV45F4XEJOEC
pipeline_20260518_040705.log,dhaka_urban_heat_validation_2021_post_monsoon_1000m,ZFGIDSXHUOQUZKQSV5WOVIG4
pipeline_20260518_040705.log,dhaka_urban_heat_grid_2022_post_monsoon_1000m,HKKIJC6KE4FNWJB4IZHBYVGV
pipeline_20260518_040705.log,dhaka_urban_heat_validation_2022_post_monsoon_1000m,6HQBM2WRIDW2ZFG75ZYBBGIH
pipeline_20260518_040705.log,dhaka_urban_heat_grid_2023_post_monsoon_1000m,XSHT6TZBSRWRVALRLGS2KFYS
pipeline_20260518_040705.log,dhaka_urban_heat_validation_2023_post_monsoon_1000m,O3JYABFAECZ2FTZPPTQMUGLE
pipeline_20260518_040705.log,dhaka_urban_heat_grid_2024_post_monsoon_1000m,RBGOBULXZXUGECI6DRISQV5I
pipeline_20260518_040705.log,dhaka_urban_heat_validation_2024_post_monsoon_1000m,SFCTLDDG7IFRFH72J2TUSFIV
pipeline_20260518_040705.log,dhaka_urban_heat_grid_2017_2024_post_monsoon_1000m,PRTDOUMWT5XRHUNVXELUWUU7
pipeline_20260518_040705.log,dhaka_urban_heat_validation_2017_2024_post_monsoon_1000m,QRGYHYZOFO4FC236XJL7HUJR
pipeline_20260518_040758.log,dhaka_urban_heat_grid_2017_winter_1000m,X3QK6LZSIHARZZY2TMLL6DZZ
pipeline_20260518_040758.log,dhaka_urban_heat_validation_2017_winter_1000m,L7IEVG76A7VGVFSY3VPVD356
pipeline_20260518_040758.log,dhaka_urban_heat_grid_2018_winter_1000m,CFVEFU6WCY2RDT2F7H3FXMZF
pipeline_20260518_040758.log,dhaka_urban_heat_validation_2018_winter_1000m,KOXVVKPYF77GA6ONFNBDQI73
pipeline_20260518_040758.log,dhaka_urban_heat_grid_2019_winter_1000m,45C3HFSLFSI5FGUACCBSHU64
pipeline_20260518_040758.log,dhaka_urban_heat_validation_2019_winter_1000m,S2AEAG3WBIDVYRQTXRORMENJ
pipeline_20260518_040758.log,dhaka_urban_heat_grid_2020_winter_1000m,SHGRCPF4QDUO3GPTZIWI27GN
pipeline_20260518_040758.log,dhaka_urban_heat_validation_2020_winter_1000m,4YD7KJ5BH2N6QILS7YP4JC4U
pipeline_20260518_040758.log,dhaka_urban_heat_grid_2021_winter_1000m,DDWGJ7UMGLYOHNWUWJ36C2QP
pipeline_20260518_040758.log,dhaka_urban_heat_validation_2021_winter_1000m,X7MNS4GOP36ZNVM5G7E6TIGM
pipeline_20260518_040758.log,dhaka_urban_heat_grid_2022_winter_1000m,2HOGEVKUH22WBOQMSE7ZLWFS
pipeline_20260518_040758.log,dhaka_urban_heat_validation_2022_winter_1000m,GWXTDP54JDDSHSBALZYLTKGS
pipeline_20260518_040758.log,dhaka_urban_heat_grid_2023_winter_1000m,4ZOFXH3VEVGFV3LTYSODYB3I
pipeline_20260518_040758.log,dhaka_urban_heat_validation_2023_winter_1000m,BCTLJULQVGKUIJ4NL4NOTGIJ
pipeline_20260518_040758.log,dhaka_urban_heat_grid_2024_winter_1000m,VAQQ5UDX4SZFWSDOB7BSUZFK
pipeline_20260518_040758.log,dhaka_urban_heat_validation_2024_winter_1000m,QCCGULZFIUIQOYPWABACO27F
pipeline_20260518_040758.log,dhaka_urban_heat_grid_2017_2024_winter_1000m,YB6RYA7OCI4FYCDTXZUHRPIW
pipeline_20260518_040758.log,dhaka_urban_heat_validation_2017_2024_winter_1000m,ODRQLSQQM2OWBAW7IN623FW6
