split,column,dtype,missing_count,missing_pct,non_missing_count,row_count
train,grid_id,int64,0,0.0,649208,649208
train,grid_x,int64,0,0.0,649208,649208
train,grid_y,int64,0,0.0,649208,649208
train,year,int64,0,0.0,649208,649208
train,season,str,0,0.0,649208,649208
train,district,str,0,0.0,649208,649208
train,division,str,0,0.0,649208,649208
train,lst_c_mean,float64,0,0.0,649208,649208
train,lst_c_max,float64,0,0.0,649208,649208
train,suhi_mean,float64,0,0.0,649208,649208
train,suhi_max,float64,0,0.0,649208,649208
train,reference_lst_mean,float64,0,0.0,649208,649208
train,ndvi_mean,float64,6528,1.0055328954664762,642680,649208
train,ndvi_max,float64,898,0.13832238666190189,648310,649208
train,ndbi_mean,float64,0,0.0,649208,649208
train,mndwi_mean,float64,0,0.0,649208,649208
train,ndmi_mean,float64,0,0.0,649208,649208
train,evi_mean,float64,0,0.0,649208,649208
train,savi_mean,float64,0,0.0,649208,649208
train,bsi_mean,float64,0,0.0,649208,649208
train,albedo_mean,float64,0,0.0,649208,649208
train,fvc_mean,float64,0,0.0,649208,649208
train,impervious_pct,float64,0,0.0,649208,649208
train,modis_lst_day_mean,float64,373,0.057454621631279956,648835,649208
train,modis_lst_night_mean,float64,10643,1.6393821394683985,638565,649208
train,modis_lst_diurnal_range,float64,5829,0.8978632425971338,643379,649208
train,emissivity_mean,float64,0,0.0,649208,649208
train,lc_trees_pct,float64,0,0.0,649208,649208
train,lc_cropland_pct,float64,0,0.0,649208,649208
train,lc_water_pct,float64,0,0.0,649208,649208
train,building_area_ratio,float64,0,0.0,649208,649208
train,building_density_km2,float64,0,0.0,649208,649208
train,mean_building_size_m2,float64,0,0.0,649208,649208
train,water_occurrence_pct,float64,0,0.0,649208,649208
train,dist_to_perm_water_m,float64,0,0.0,649208,649208
train,dist_to_any_water_m,float64,0,0.0,649208,649208
train,elevation_m_mean,float64,0,0.0,649208,649208
train,slope_deg_mean,float64,0,0.0,649208,649208
train,tpi_mean,float64,0,0.0,649208,649208
train,population_density,float64,0,0.0,649208,649208
train,ntl_avg_radiance_mean,float64,0,0.0,649208,649208
train,wind_speed_ms,float64,0,0.0,649208,649208
train,relative_humidity_pct,float64,0,0.0,649208,649208
train,solar_radiation,float64,0,0.0,649208,649208
train,chirps_precip_mm,float64,0,0.0,649208,649208
train,sar_vv_mean,float64,0,0.0,649208,649208
train,sar_vh_mean,float64,0,0.0,649208,649208
train,dist_to_city_centre_m,float64,0,0.0,649208,649208
train,is_water,int64,0,0.0,649208,649208
train,sin_season,float64,0,0.0,649208,649208
train,cos_season,float64,0,0.0,649208,649208
train,lst_c_mean_lag1,float64,24520,3.7769097115254278,624688,649208
train,lst_c_mean_lag4,float64,74708,11.507559980776577,574500,649208
train,ndvi_mean_lag1,float64,30818,4.747014824216584,618390,649208
train,ndvi_mean_lag4,float64,80874,12.457332626831462,568334,649208
train,impervious_pct_lag1,float64,24520,3.7769097115254278,624688,649208
train,impervious_pct_lag4,float64,74708,11.507559980776577,574500,649208
train,ndvi_mean_spatial_lag,float64,5,0.0007701691907678279,649203,649208
train,impervious_pct_spatial_lag,float64,4,0.0006161353526142623,649204,649208
train,building_area_ratio_spatial_lag,float64,4,0.0006161353526142623,649204,649208
train,elevation_m_mean_spatial_lag,float64,4,0.0006161353526142623,649204,649208
train,split,str,0,0.0,649208,649208
val,grid_id,int64,0,0.0,72370,72370
val,grid_x,int64,0,0.0,72370,72370
val,grid_y,int64,0,0.0,72370,72370
val,year,int64,0,0.0,72370,72370
val,season,str,0,0.0,72370,72370
val,district,str,0,0.0,72370,72370
val,division,str,0,0.0,72370,72370
val,lst_c_mean,float64,0,0.0,72370,72370
val,lst_c_max,float64,0,0.0,72370,72370
val,suhi_mean,float64,0,0.0,72370,72370
val,suhi_max,float64,0,0.0,72370,72370
val,reference_lst_mean,float64,0,0.0,72370,72370
val,ndvi_mean,float64,418,0.5775873980931325,71952,72370
val,ndvi_max,float64,53,0.07323476578692828,72317,72370
val,ndbi_mean,float64,0,0.0,72370,72370
val,mndwi_mean,float64,0,0.0,72370,72370
val,ndmi_mean,float64,0,0.0,72370,72370
val,evi_mean,float64,0,0.0,72370,72370
val,savi_mean,float64,0,0.0,72370,72370
val,bsi_mean,float64,0,0.0,72370,72370
val,albedo_mean,float64,0,0.0,72370,72370
val,fvc_mean,float64,0,0.0,72370,72370
val,impervious_pct,float64,0,0.0,72370,72370
val,modis_lst_day_mean,float64,0,0.0,72370,72370
val,modis_lst_night_mean,float64,571,0.7890009672516236,71799,72370
val,modis_lst_diurnal_range,float64,295,0.40762746994611027,72075,72370
val,emissivity_mean,float64,0,0.0,72370,72370
val,lc_trees_pct,float64,0,0.0,72370,72370
val,lc_cropland_pct,float64,0,0.0,72370,72370
val,lc_water_pct,float64,0,0.0,72370,72370
val,building_area_ratio,float64,0,0.0,72370,72370
val,building_density_km2,float64,0,0.0,72370,72370
val,mean_building_size_m2,float64,0,0.0,72370,72370
val,water_occurrence_pct,float64,0,0.0,72370,72370
val,dist_to_perm_water_m,float64,0,0.0,72370,72370
val,dist_to_any_water_m,float64,0,0.0,72370,72370
val,elevation_m_mean,float64,0,0.0,72370,72370
val,slope_deg_mean,float64,0,0.0,72370,72370
val,tpi_mean,float64,0,0.0,72370,72370
val,population_density,float64,0,0.0,72370,72370
val,ntl_avg_radiance_mean,float64,0,0.0,72370,72370
val,wind_speed_ms,float64,0,0.0,72370,72370
val,relative_humidity_pct,float64,0,0.0,72370,72370
val,solar_radiation,float64,0,0.0,72370,72370
val,chirps_precip_mm,float64,0,0.0,72370,72370
val,sar_vv_mean,float64,0,0.0,72370,72370
val,sar_vh_mean,float64,0,0.0,72370,72370
val,dist_to_city_centre_m,float64,0,0.0,72370,72370
val,is_water,int64,0,0.0,72370,72370
val,sin_season,float64,0,0.0,72370,72370
val,cos_season,float64,0,0.0,72370,72370
val,lst_c_mean_lag1,float64,467,0.6452950117451983,71903,72370
val,lst_c_mean_lag4,float64,3163,4.370595550642531,69207,72370
val,ndvi_mean_lag1,float64,791,1.0929943346690618,71579,72370
val,ndvi_mean_lag4,float64,3511,4.85145778637557,68859,72370
val,impervious_pct_lag1,float64,467,0.6452950117451983,71903,72370
val,impervious_pct_lag4,float64,3163,4.370595550642531,69207,72370
val,ndvi_mean_spatial_lag,float64,0,0.0,72370,72370
val,impervious_pct_spatial_lag,float64,0,0.0,72370,72370
val,building_area_ratio_spatial_lag,float64,0,0.0,72370,72370
val,elevation_m_mean_spatial_lag,float64,0,0.0,72370,72370
val,split,str,0,0.0,72370,72370
test,grid_id,int64,0,0.0,72809,72809
test,grid_x,int64,0,0.0,72809,72809
test,grid_y,int64,0,0.0,72809,72809
test,year,int64,0,0.0,72809,72809
test,season,str,0,0.0,72809,72809
test,district,str,0,0.0,72809,72809
test,division,str,0,0.0,72809,72809
test,lst_c_mean,float64,0,0.0,72809,72809
test,lst_c_max,float64,0,0.0,72809,72809
test,suhi_mean,float64,0,0.0,72809,72809
test,suhi_max,float64,0,0.0,72809,72809
test,reference_lst_mean,float64,0,0.0,72809,72809
test,ndvi_mean,float64,388,0.5329011523300691,72421,72809
test,ndvi_max,float64,53,0.0727931986430249,72756,72809
test,ndbi_mean,float64,0,0.0,72809,72809
test,mndwi_mean,float64,0,0.0,72809,72809
test,ndmi_mean,float64,0,0.0,72809,72809
test,evi_mean,float64,0,0.0,72809,72809
test,savi_mean,float64,0,0.0,72809,72809
test,bsi_mean,float64,0,0.0,72809,72809
test,albedo_mean,float64,0,0.0,72809,72809
test,fvc_mean,float64,0,0.0,72809,72809
test,impervious_pct,float64,0,0.0,72809,72809
test,modis_lst_day_mean,float64,0,0.0,72809,72809
test,modis_lst_night_mean,float64,918,1.260833138760318,71891,72809
test,modis_lst_diurnal_range,float64,117,0.1606944196459229,72692,72809
test,emissivity_mean,float64,0,0.0,72809,72809
test,lc_trees_pct,float64,0,0.0,72809,72809
test,lc_cropland_pct,float64,0,0.0,72809,72809
test,lc_water_pct,float64,0,0.0,72809,72809
test,building_area_ratio,float64,0,0.0,72809,72809
test,building_density_km2,float64,0,0.0,72809,72809
test,mean_building_size_m2,float64,0,0.0,72809,72809
test,water_occurrence_pct,float64,0,0.0,72809,72809
test,dist_to_perm_water_m,float64,0,0.0,72809,72809
test,dist_to_any_water_m,float64,0,0.0,72809,72809
test,elevation_m_mean,float64,0,0.0,72809,72809
test,slope_deg_mean,float64,0,0.0,72809,72809
test,tpi_mean,float64,0,0.0,72809,72809
test,population_density,float64,0,0.0,72809,72809
test,ntl_avg_radiance_mean,float64,0,0.0,72809,72809
test,wind_speed_ms,float64,0,0.0,72809,72809
test,relative_humidity_pct,float64,0,0.0,72809,72809
test,solar_radiation,float64,0,0.0,72809,72809
test,chirps_precip_mm,float64,0,0.0,72809,72809
test,sar_vv_mean,float64,0,0.0,72809,72809
test,sar_vh_mean,float64,0,0.0,72809,72809
test,dist_to_city_centre_m,float64,0,0.0,72809,72809
test,is_water,int64,0,0.0,72809,72809
test,sin_season,float64,0,0.0,72809,72809
test,cos_season,float64,0,0.0,72809,72809
test,lst_c_mean_lag1,float64,27,0.03708332761059759,72782,72809
test,lst_c_mean_lag4,float64,466,0.640030765427351,72343,72809
test,ndvi_mean_lag1,float64,485,0.6661264404125864,72324,72809
test,ndvi_mean_lag4,float64,884,1.2141356151025284,71925,72809
test,impervious_pct_lag1,float64,27,0.03708332761059759,72782,72809
test,impervious_pct_lag4,float64,466,0.640030765427351,72343,72809
test,ndvi_mean_spatial_lag,float64,0,0.0,72809,72809
test,impervious_pct_spatial_lag,float64,0,0.0,72809,72809
test,building_area_ratio_spatial_lag,float64,0,0.0,72809,72809
test,elevation_m_mean_spatial_lag,float64,0,0.0,72809,72809
test,split,str,0,0.0,72809,72809
combined,grid_id,int64,0,0.0,794387,794387
combined,grid_x,int64,0,0.0,794387,794387
combined,grid_y,int64,0,0.0,794387,794387
combined,year,int64,0,0.0,794387,794387
combined,season,str,0,0.0,794387,794387
combined,district,str,0,0.0,794387,794387
combined,division,str,0,0.0,794387,794387
combined,lst_c_mean,float64,0,0.0,794387,794387
combined,lst_c_max,float64,0,0.0,794387,794387
combined,suhi_mean,float64,0,0.0,794387,794387
combined,suhi_max,float64,0,0.0,794387,794387
combined,reference_lst_mean,float64,0,0.0,794387,794387
combined,ndvi_mean,float64,7334,0.923227595617753,787053,794387
combined,ndvi_max,float64,1004,0.12638676111265668,793383,794387
combined,ndbi_mean,float64,0,0.0,794387,794387
combined,mndwi_mean,float64,0,0.0,794387,794387
combined,ndmi_mean,float64,0,0.0,794387,794387
combined,evi_mean,float64,0,0.0,794387,794387
combined,savi_mean,float64,0,0.0,794387,794387
combined,bsi_mean,float64,0,0.0,794387,794387
combined,albedo_mean,float64,0,0.0,794387,794387
combined,fvc_mean,float64,0,0.0,794387,794387
combined,impervious_pct,float64,0,0.0,794387,794387
combined,modis_lst_day_mean,float64,373,0.046954444118546754,794014,794387
combined,modis_lst_night_mean,float64,12132,1.527215324520668,782255,794387
combined,modis_lst_diurnal_range,float64,6241,0.785637227195309,788146,794387
combined,emissivity_mean,float64,0,0.0,794387,794387
combined,lc_trees_pct,float64,0,0.0,794387,794387
combined,lc_cropland_pct,float64,0,0.0,794387,794387
combined,lc_water_pct,float64,0,0.0,794387,794387
combined,building_area_ratio,float64,0,0.0,794387,794387
combined,building_density_km2,float64,0,0.0,794387,794387
combined,mean_building_size_m2,float64,0,0.0,794387,794387
combined,water_occurrence_pct,float64,0,0.0,794387,794387
combined,dist_to_perm_water_m,float64,0,0.0,794387,794387
combined,dist_to_any_water_m,float64,0,0.0,794387,794387
combined,elevation_m_mean,float64,0,0.0,794387,794387
combined,slope_deg_mean,float64,0,0.0,794387,794387
combined,tpi_mean,float64,0,0.0,794387,794387
combined,population_density,float64,0,0.0,794387,794387
combined,ntl_avg_radiance_mean,float64,0,0.0,794387,794387
combined,wind_speed_ms,float64,0,0.0,794387,794387
combined,relative_humidity_pct,float64,0,0.0,794387,794387
combined,solar_radiation,float64,0,0.0,794387,794387
combined,chirps_precip_mm,float64,0,0.0,794387,794387
combined,sar_vv_mean,float64,0,0.0,794387,794387
combined,sar_vh_mean,float64,0,0.0,794387,794387
combined,dist_to_city_centre_m,float64,0,0.0,794387,794387
combined,is_water,int64,0,0.0,794387,794387
combined,sin_season,float64,0,0.0,794387,794387
combined,cos_season,float64,0,0.0,794387,794387
combined,lst_c_mean_lag1,float64,25014,3.148843070191229,769373,794387
combined,lst_c_mean_lag4,float64,78337,9.861314447492218,716050,794387
combined,ndvi_mean_lag1,float64,32094,4.040096325846219,762293,794387
combined,ndvi_mean_lag4,float64,85269,10.733936985373628,709118,794387
combined,impervious_pct_lag1,float64,25014,3.148843070191229,769373,794387
combined,impervious_pct_lag4,float64,78337,9.861314447492218,716050,794387
combined,ndvi_mean_spatial_lag,float64,5,0.0006294161409992863,794382,794387
combined,impervious_pct_spatial_lag,float64,4,0.000503532912799429,794383,794387
combined,building_area_ratio_spatial_lag,float64,4,0.000503532912799429,794383,794387
combined,elevation_m_mean_spatial_lag,float64,4,0.000503532912799429,794383,794387
combined,split,str,0,0.0,794387,794387
